Adobe,San Jose,CA,"37.3382° N, 121.8863° W"
Adobe,Seattle,WA,"47.6062° N, 122.3321° W"
Adobe,Lehi,UT,"40.3916° N, 111.8508° W"
Adobe,San Francisco,CA,"37.7749° N, 122.4194° W"
Adobe,New York,NY,"40.7128° N, 74.0060° W"
Advanced Micro Devices,Santa Clara,CA,"37.3541° N, 121.9552° W"
Advanced Micro Devices,Austin,TX,"30.2672° N, 97.7431° W"
Advanced Micro Devices,Fort Collins,CO,"40.5853° N, 105.0844° W"
Advanced Micro Devices,Marlborough,MA,"42.3459° N, 71.5523° W"
Advanced Micro Devices,Boxborough,MA,"42.4957° N, 71.5177° W"
Amazon,Seattle,Washington,"47.6062° N, 122.3321° W"
Amazon,New York City,New York,"40.7128° N, 74.0060° W"
Amazon,Austin,Texas,"30.2745° N, 97.7403° W"
Amazon,Herndon,Virginia,"38.9693° N, 77.3867° W"
Amazon,Cambridge,Massachusetts,"42.3736° N, 71.1106° W"
Amazon,Irvine,California,"33.6846° N, 117.8265° W"
Apple,Cupertino,California,"37.3324° N, 122.0308° W"
Apple,Austin,Texas,"30.2745° N, 97.7403° W"
Apple,Seattle,Washington,"47.6062° N, 122.3321° W"
Apple,San Diego,California,"32.7157° N, 117.1611° W"
Apple,Boulder,Colorado,"40.0149° N, 105.2705° W"
Apple,New York City,New York,"40.7128° N, 74.0060° W"
Applied Materials Inc,Santa Clara,CA,"37.3541° N, 121.9552° W"
Applied Materials Inc,Austin,TX,"30.2672° N, 97.7431° W"
Applied Materials Inc,Hillsboro,OR,"45.5229° N, 122.9898° W"
Applied Materials Inc,Kalispell,MT,"48.2028° N, 114.3153° W"
Applied Materials Inc,Gloucester,MA,"42.6159° N, 70.6610° W"
AT&T,Dallas,TX,"32.7767° N, 96.7970° W"
AT&T,New York City,NY,"40.7128° N, 74.0060° W"
AT&T,Atlanta,GA,"33.7490° N, 84.3880° W"
Atlassian,San Francisco,CA,"37.7749° N, 122.4194° W"
Atlassian,Mountain View,CA,"37.3861° N, 122.0839° W"
Atlassian,Austin,TX,"30.2672° N, 97.7431° W"
Atlassian,New York City,NY,"40.7128° N, 74.0060° W"
Atlassian,Boston,MA,"42.3601° N, 71.0589° W"
Broadcom,San Jose,CA,"37.3382° N, 121.8863° W"
Broadcom,Irvine,CA,"33.6846° N, 117.8265° W"
Broadcom,San Diego,CA,"32.7157° N, 117.1611° W"
Broadcom,Austin,TX,"30.2672° N, 97.7431° W"
Broadcom,Andover,MA,"42.6584° N, 71.1379° W"
Capital One,McLean,VA,"38.9339° N, 77.1773° W"
Capital One,New York City,NY,"40.7128° N, 74.0060° W"
Capital One,Plano,TX,"33.0198° N, 96.6989° W"
Capital One,Wilmington,DE,"39.7391° N, 75.5398° W"
Capital One,San Francisco,CA,"37.7749° N, 122.4194° W"
Cisco,San Jose,CA,"37.3382° N, 121.8863° W"
Cisco,Boxborough,MA,"42.4860° N, 71.5109° W"
Cisco,Research Triangle Park,NC,"35.9266° N, 78.8410° W"
Cisco,Richardson,TX,"32.9483° N, 96.7299° W"
Cisco,Fulton,MD,"39.1516° N, 76.8896° W"
Cloudera,Palo Alto,CA,"37.4419° N, 122.1430° W"
Cloudera,Austin,TX,"30.2672° N, 97.7431° W"
Cloudflare,San Francisco,CA,"37.7749° N, 122.4194° W"
Cloudflare,Austin,TX,"30.2672° N, 97.7431° W"
Cloudflare,New York City,NY,"40.7128° N, 74.0060° W"
Cloudflare,Miami,FL,"25.7617° N, 80.1918° W"
Cloudflare,Seattle,WA,"47.6062° N, 122.3321° W"
CoStar,Washington,DC,"38.9072° N, 77.0369° W"
CoStar,Richmond,VA,"37.5407° N, 77.4360° W"
CoStar,Atlanta,GA,"33.7490° N, 84.3880° W"
CoStar,San Diego,CA,"32.7157° N, 117.1611° W"
CoStar,Boston,MA,"42.3601° N, 71.0589° W"
CrowdStrike,Sunnyvale,CA,"37.3688° N, 122.0363° W"
CrowdStrike,Irvine,CA,"33.6846° N, 117.8265° W"
CrowdStrike,Arlington,VA,"38.8783° N, 77.0687° W"
CrowdStrike,Kirkland,WA,"47.6784° N, 122.2071° W"
Datadog,New York City,NY,"40.7128° N, 74.0060° W"
Datadog,Boston,MA,"42.3601° N, 71.0589° W"
Datadog,Seattle,WA,"47.6062° N, 122.3321° W"
Dell Technologies,Round Rock,TX,"30.5083° N, 97.6789° W"
Dell Technologies,Hopkinton,MA,"42.2254° N, 71.5245° W"
Dell Technologies,Santa Clara,CA,"37.3541° N, 121.9552° W"
Dell Technologies,Nashua,NH,"42.7654° N, 71.4676° W"
Dell Technologies,Eden Prairie,MN,"44.8547° N, 93.4708° W"
DoorDash,San Francisco,CA,"37.7749° N, 122.4194° W"
DoorDash,New York City,NY,"40.7128° N, 74.0060° W"
DoorDash,Chicago,IL,"41.8781° N, 87.6298° W"
DoorDash,Atlanta,GA,"33.7490° N, 84.3880° W"
DraftKings,Boston,MA,"42.3601° N, 71.0589° W"
DraftKings,San Francisco,CA,"37.7749° N, 122.4194° W"
DraftKings,Las Vegas,NV,"36.1699° N, 115.1398° W"
Dropbox,San Francisco,CA,"37.7749° N, 122.4194° W"
Dropbox,Seattle,WA,"47.6062° N, 122.3321° W"
Dropbox,Austin,TX,"30.2672° N, 97.7431° W"
Dropbox,New York City,NY,"40.7128° N, 74.0060° W"
eBay,San Jose,CA,"37.3382° N, 121.8863° W"
eBay,Austin,TX,"30.2672° N, 97.7431° W"
eBay,Portland,OR,"45.5231° N, 122.6765° W"
eBay,New York City,NY,"40.7128° N, 74.0060° W"
Etsy,Brooklyn,NY,"40.6782° N, 73.9442° W"
Etsy,San Francisco,CA,"37.7749° N, 122.4194° W"
Etsy,Hudson,NY,"42.2510° N, 73.7856° W"
Etsy,Pittsburgh,PA,"40.4406° N, 79.9959° W"
Facebook,Menlo Park,CA,"37.4848° N, 122.1484° W"
Facebook,San Francisco,CA,"37.7765° N, 122.3916° W"
Facebook,New York,NY,"40.7306° N, 73.9352° W"
Facebook,Austin,TX,"30.2672° N, 97.7431° W"
Facebook,Seattle,WA,"47.6062° N, 122.3321° W"
GEICO,Chevy Chase,MD,"39.0068° N, 77.0755° W"
GEICO,San Diego,CA,"32.7157° N, 117.1611° W"
GEICO,Fredericksburg,VA,"38.3032° N, 77.4605° W"
Goldman Sachs,New York City,NY,"40.7128° N, 74.0060° W"
Goldman Sachs,Salt Lake City,UT,"40.7608° N, 111.8910° W"
Goldman Sachs,Irving,TX,"32.8140° N, 96.9489° W"
Goldman Sachs,Jersey City,NJ,"40.7282° N, 74.0776° W"
Goldman Sachs,Chicago,IL,"41.8781° N, 87.6298° W"
Google,Mountain View,California,"37.4219° N, 122.0841° W"
Google,New York City,New York,"40.7128° N, 74.0060° W"
Google,Boulder,Colorado,"40.0149° N, 105.2705° W"
Google,Ann Arbor,Michigan,"42.2808° N, 83.7430° W"
Google,Reston,Virginia,"38.9586° N, 77.3570° W"
Google,Pittsburgh,Pennsylvania,"40.4406° N, 79.9959° W"
Hewlett Packard,Palo Alto,CA,"37.4440° N, 122.1598° W"
Hewlett Packard,Boise,ID,"43.6150° N, 116.2023° W"
Hewlett Packard,Houston,TX,"29.7604° N, 95.3698° W"
Hewlett Packard,Andover,MA,"42.6584° N, 71.1375° W"
Hewlett Packard,Roseville,CA,"38.7521° N, 121.2880° W"
IBM,Armonk,NY,"41.1115° N, 73.7242° W"
IBM,Austin,TX,"30.2672° N, 97.7431° W"
IBM,Durham,NC,"35.9940° N, 78.8986° W"
IBM,San Francisco,CA,"37.7749° N, 122.4194° W"
IBM,Chicago,IL,"41.8781° N, 87.6298° W"
Intel,Santa Clara,CA,"37.3861° N, 121.9623° W"
Intel,Hillsboro,OR,"45.5229° N, 122.9898° W"
Intel,Phoenix,AZ,"33.4484° N, 112.0740° W"
Intel,Folsom,CA,"38.6773° N, 121.1760° W"
Intel,Austin,TX,"30.2672° N, 97.7431° W"
Intuit,Mountain View,CA,"37.3861° N, 122.0839° W"
Intuit,San Diego,CA,"32.7157° N, 117.1611° W"
Intuit,Tucson,AZ,"32.2226° N, 110.9747° W"
Intuit,Plano,TX,"33.0198° N, 96.6989° W"
Intuit,Boise,ID,"43.6150° N, 116.2023° W"
JPMorgan,New York City,NY,"40.7128° N, 74.0060° W"
JPMorgan,Chicago,IL,"41.8781° N, 87.6298° W"
JPMorgan,Dallas,TX,"32.7767° N, 96.7970° W"
JPMorgan,San Francisco,CA,"37.7749° N, 122.4194° W"
JPMorgan,Columbus,OH,"39.9612° N, 82.9988° W"
Leidos,Reston,VA,"38.9586° N, 77.3570° W"
Leidos,San Diego,CA,"32.7157° N, 117.1611° W"
Leidos,Orlando,FL,"28.5383° N, 81.3792° W"
Leidos,Huntsville,AL,"34.7304° N, 86.5861° W"
Leidos,Houston,TX,"29.7604° N, 95.3698° W"
Lyft,San Francisco,CA,"37.7749° N, 122.4194° W"
Lyft,Nashville,TN,"36.1627° N, 86.7816° W"
Lyft,Seattle,WA,"47.6062° N, 122.3321° W"
Lyft,New York City,NY,"40.7128° N, 74.0060° W"
Lyft,Boston,MA,"42.3601° N, 71.0589° W"
Micron Technology,Boise,ID,"43.6150° N, 116.2023° W"
Micron Technology,Manassas,VA,"38.7509° N, 77.4753° W"
Micron Technology,Lehi,UT,"40.3916° N, 111.8508° W"
Micron Technology,San Jose,CA,"37.3382° N, 121.8863° W"
Micron Technology,Minneapolis,MN,"44.9778° N, 93.2650° W"
Microsoft,Redmond,Washington,"47.6738° N, 122.1215° W"
Microsoft,New York City,New York,"40.7128° N, 74.0060° W"
Microsoft,Fargo,North Dakota,"46.8772° N, 96.7898° W"
Microsoft,Charlotte,North Carolina,"35.2271° N, 80.8431° W"
Microsoft,Alpharetta,Georgia,"34.0754° N, 84.2941° W"
Microsoft,Reston,Virginia,"38.9586° N, 77.3570° W"
Netflix,Los Gatos,CA,"37.2266° N, 121.9737° W"
Netflix,Los Angeles,CA,"34.0522° N, 118.2437° W"
Netflix,New York,NY,"40.7128° N, 74.0060° W"
Netflix,Washington,DC,"38.9072° N, 77.0369° W"
Netflix,Salt Lake City,UT,"40.7608° N, 111.8910° W"
Nvidia,Santa Clara,CA,"37.3861° N, 121.9623° W"
Nvidia,Durham,NC,"35.9940° N, 78.8986° W"
Nvidia,Austin,TX,"30.2672° N, 97.7431° W"
Nvidia,Holmdel,NJ,"40.3644° N, 74.1848° W"
Nvidia,Hillsboro,OR,"45.5229° N, 122.9898° W"
OpenSea,New York City,NY,"40.7128° N, 74.0060° W"
OpenSea,San Francisco,CA,"37.7749° N, 122.4194° W"
OpenSea,Miami,FL,"25.7617° N, 80.1918° W"
OpenSea,Austin,TX,"30.2672° N, 97.7431° W"
OpenSea,Portland,OR,"45.5231° N, 122.6765° W"
Oracle,Redwood City,CA,"37.4852° N, 122.2364° W"
Oracle,Austin,TX,"30.2672° N, 97.7431° W"
Oracle,Seattle,WA,"47.6062° N, 122.3321° W"
Oracle,Broomfield,CO,"39.9205° N, 105.0867° W"
Oracle,Nashua,NH,"42.7654° N, 71.4676° W"
Palo Alto Networks,Santa Clara,CA,"37.3541° N, 121.9552° W"
Palo Alto Networks,Reston,VA,"38.9586° N, 77.3570° W"
Palo Alto Networks,Plano,TX,"33.0198° N, 96.6989° W"
Palo Alto Networks,New York City,NY,"40.7128° N, 74.0060° W"
PayPal,San Jose,CA,"37.3382° N, 121.8863° W"
PayPal,Chandler,AZ,"33.3062° N, 111.8413° W"
PayPal,Austin,TX,"30.2672° N, 97.7431° W"
PayPal,Hunt Valley,MD,"39.4918° N, 76.6568° W"
PayPal,Scottsdale,AZ,"33.4942° N, 111.9261° W"
Pinterest,San Francisco,CA,"37.7749° N, 122.4194° W"
Pinterest,New York City,NY,"40.7128° N, 74.0060° W"
Pinterest,Seattle,WA,"47.6062° N, 122.3321° W"
Pinterest,Chicago,IL,"41.8781° N, 87.6298° W"
Qualcomm,San Diego,CA,"32.7157° N, 117.1611° W"
Qualcomm,San Jose,CA,"37.3382° N, 121.8863° W"
Qualcomm,Boulder,CO,"40.0149° N, 105.2705° W"
Qualcomm,Bridgewater,NJ,"40.5943° N, 74.6244° W"
Qualcomm,Raleigh,NC,"35.7796° N, 78.6382° W"
Roblox,San Mateo,CA,"37.5624° N, 122.3269° W"
Roblox,Atlanta,GA,"33.7490° N, 84.3880° W"
Roblox,Austin,TX,"30.2672° N, 97.7431° W"
Roblox,Seattle,WA,"47.6062° N, 122.3321° W"
Roblox,New York City,NY,"40.7128° N, 74.0060° W"
Salesforce,San Francisco,CA,"37.7749° N, 122.4194° W"
Salesforce,Indianapolis,IN,"39.7684° N, 86.1581° W"
Salesforce,New York,NY,"40.7128° N, 74.0060° W"
Salesforce,Chicago,IL,"41.8781° N, 87.6298° W"
Salesforce,Bellevue,WA,"47.6101° N, 122.2015° W"
Scale AI,San Francisco,CA,"37.7749° N, 122.4194° W"
Scale AI,Charlottesville,VA,"38.0293° N, 78.4767° W"
Scale AI,New York City,NY,"40.7128° N, 74.0060° W"
Scale AI,Austin,TX,"30.2672° N, 97.7431° W"
Shopify,Ottawa,ON,"45.4215° N, 75.6972° W"
Shopify,Toronto,ON,"43.6532° N, 79.3832° W"
Shopify,San Francisco,CA,"37.7749° N, 122.4194° W"
Shopify,Waterloo,ON,"43.4643° N, 80.5204° W"
Shopify,Montreal,QC,"45.5017° N, 73.5673° W"
Snap,Santa Monica,CA,"34.0195° N, 118.4912° W"
Snap,San Francisco,CA,"37.7749° N, 122.4194° W"
Snap,New York City,NY,"40.7128° N, 74.0060° W"
Snap,Seattle,WA,"47.6062° N, 122.3321° W"
Snap,Chicago,IL,"41.8781° N, 87.6298° W"
Splunk,San Francisco,CA,"37.7749° N, 122.4194° W"
Splunk,San Jose,CA,"37.3382° N, 121.8863° W"
Splunk,McLean,VA,"38.9339° N, 77.1773° W"
Splunk,Plano,TX,"33.0198° N, 96.6989° W"
Splunk,Chicago,IL,"41.8781° N, 87.6298° W"
Square,San Francisco,CA,"37.7749° N, 122.4194° W"
Square,New York City,NY,"40.7128° N, 74.0060° W"
Square,St. Louis,MO,"38.6270° N, 90.1994° W"
Square,Waterloo,ON,"43.4643° N, 80.5204° W"
Square,Atlanta,GA,"33.7490° N, 84.3880° W"
Tesla,Fremont,CA,"37.4934° N, 121.9443° W"
Tesla,Palo Alto,CA,"37.4419° N, 122.1430° W"
Tesla,Austin,TX,"30.2672° N, 97.7431° W"
Tesla,Buffalo,NY,"42.8864° N, 78.8784° W"
Tesla,Sparks,NV,"39.5728° N, 119.7157° W"
Texas Instruments,Dallas,TX,"32.7767° N, 96.7970° W"
Texas Instruments,Santa Clara,CA,"37.3541° N, 121.9552° W"
Texas Instruments,South Portland,ME,"43.6415° N, 70.2409° W"
Texas Instruments,Germantown,MD,"39.1732° N, 77.2717° W"
Texas Instruments,Tucson,AZ,"32.2226° N, 110.9747° W"
TikTok,Culver City,CA,"34.0211° N, 118.3965° W"
TikTok,Mountain View,CA,"37.3861° N, 122.0839° W"
TikTok,New York City,NY,"40.7128° N, 74.0060° W"
TikTok,Austin,TX,"30.2672° N, 97.7431° W"
Twilio,San Francisco,CA,"37.7749° N, 122.4194° W"
Twilio,Denver,CO,"39.7392° N, 104.9903° W"
Twilio,New York City,NY,"40.7128° N, 74.0060° W"
Twilio,Atlanta,GA,"33.7490° N, 84.3880° W"
Twilio,Seattle,WA,"47.6062° N, 122.3321° W"
Twitch,San Francisco,CA,"37.7749° N, 122.4194° W"
Twitch,Seattle,WA,"47.6062° N, 122.3321° W"
Twitch,Los Angeles,CA,"34.0522° N, 118.2437° W"
Twitch,Irvine,CA,"33.6846° N, 117.8265° W"
Twitch,Salt Lake City,UT,"40.7608° N, 111.8910° W"
Uber,San Francisco,CA,"37.7749° N, 122.4194° W"
Uber,New York City,NY,"40.7128° N, 74.0060° W"
Uber,Dallas,TX,"32.7767° N, 96.7970° W"
Uber,Chicago,IL,"41.8781° N, 87.6298° W"
UnitedHealth,Minnetonka,MN,"44.9697° N, 93.4491° W"
UnitedHealth,Hartford,CT,"41.7658° N, 72.6734° W"
UnitedHealth,Eden Prairie,MN,"44.8547° N, 93.4708° W"
VMware,Palo Alto,CA,"37.4419° N, 122.1430° W"
VMware,Atlanta,GA,"33.7490° N, 84.3880° W"
VMware,Austin,TX,"30.2672° N, 97.7431° W"
VMware,Broomfield,CO,"39.9205° N, 105.0867° W"
VMware,Cambridge,MA,"42.3736° N, 71.1097° W"
Workday,Pleasanton,CA,"37.6624° N, 121.8747° W"
Workday,San Francisco,CA,"37.7749° N, 122.4194° W"
Workday,Chicago,IL,"41.8781° N, 87.6298° W"
Workday,Atlanta,GA,"33.7490° N, 84.3880° W"
Workday,Minneapolis,MN,"44.9778° N, 93.2650° W"
Zoom,San Jose,CA,"37.3382° N, 121.8863° W"
Zoom,Denver,CO,"39.7392° N, 104.9903° W"
Zoom,Atlanta,GA,"33.7490° N, 84.3880° W"
Zoom,Overland Park,KS,"38.9822° N, 94.6708° W"
Zoom,New York,NY,"40.7128° N, 74.0060° W"